year,st,d,margin,src
1824,AL,,51.6,wikipedia
1824,CT,,64.65,wikipedia
1824,IL,,5.71,wikipedia
1824,IN,,13.39,wikipedia
1824,KY,,43.98,wikipedia
1824,ME,,50.67,wikipedia
1824,MD,,0.86,wikipedia
1824,MA,,69.07,wikipedia
1824,MS,,30.83,wikipedia
1824,MO,,25.52,wikipedia
1824,NH,,51.4,wikipedia
1824,NJ,,9.59,wikipedia
1824,NC,,13.29,wikipedia
1824,OH,,1.5,wikipedia
1824,PA,,64.69,wikipedia
1824,RI,,82.94,wikipedia
1824,TN,,88.8,wikipedia
1824,VA,,32.82,wikipedia
1828,AL,,78.9,wikipedia
1828,CT,,51.02,wikipedia
1828,GA,,93.39,wikipedia
1828,IL,,34.36,wikipedia
1828,IN,,13.2,wikipedia
1828,KY,,10.81,wikipedia
1828,LA,,6.07,wikipedia
1828,ME,,19.64,wikipedia
1828,ME,Cumberla,2.22,wikipedia
1828,ME,York,24.06,wikipedia
1828,ME,Kennebec,48.84,wikipedia
1828,ME,Lincoln,40.43,wikipedia
1828,ME,Oxfo,7.07,wikipedia
1828,ME,Hancock & Washington,29.49,wikipedia
1828,ME,Somerset & Ponobscot,26.01,wikipedia
1828,MD,1,29.6,wikipedia
1828,MD,2,14.29,wikipedia
1828,MD,3,0.49,wikipedia
1828,MD,4,2.67,wikipedia
1828,MD,5,29.49,wikipedia
1828,MD,6,0.65,wikipedia
1828,MD,7,4.04,wikipedia
1828,MD,8,19.26,wikipedia
1828,MD,9,11.7,wikipedia
1828,MA,,66.45,wikipedia
1828,MS,,63.12,wikipedia
1828,MO,,38.59,wikipedia
1828,NH,,6.49,wikipedia
1828,NJ,,3.97,wikipedia
1828,NY,1,3.85,wikipedia
1828,NY,2,19.79,wikipedia
1828,NY,3,23.12,wikipedia
1828,NY,4,9.15,wikipedia
1828,NY,5,17.84,wikipedia
1828,NY,6,18.98,wikipedia
1828,NY,7,39.42,wikipedia
1828,NY,8,2.77,wikipedia
1828,NY,9,4.34,wikipedia
1828,NY,10,3.34,wikipedia
1828,NY,11,22.54,wikipedia
1828,NY,12,18.28,wikipedia
1828,NY,13,52.05,wikipedia
1828,NY,14,6.22,wikipedia
1828,NY,15,11.73,wikipedia
1828,NY,16,2.63,wikipedia
1828,NY,17,9.51,wikipedia
1828,NY,18,21.16,wikipedia
1828,NY,19,9.1,wikipedia
1828,NY,20,0.45,wikipedia
1828,NY,21,16.29,wikipedia
1828,NY,22,9.2,wikipedia
1828,NY,23,5.81,wikipedia
1828,NY,24,26.51,wikipedia
1828,NY,25,18.21,wikipedia
1828,NY,26,13.07,wikipedia
1828,NY,27,20.92,wikipedia
1828,NY,28,9.77,wikipedia
1828,NY,29,35.45,wikipedia
1828,NY,30,37.13,wikipedia
1828,NC,,45.95,wikipedia
1828,OH,,3.16,wikipedia
1828,PA,,33.59,wikipedia
1828,RI,,54.1,wikipedia
1828,TN,2,91.97,wikipedia
1828,TN,3,88.06,wikipedia
1828,TN,4,99.56,wikipedia
1828,TN,5,97.19,wikipedia
1828,TN,7,75.01,wikipedia
1828,TN,8,99.65,wikipedia
1828,TN,9,90.29,wikipedia
1828,TN,10,90.22,wikipedia
1828,TN,11,78.33,wikipedia
1828,VT,,49.02,wikipedia
1828,VA,,38.25,wikipedia
1832,AL,,99.93,wikipedia
1832,CT,,20.97,wikipedia
1832,DE,,1.98,wikipedia
1832,IL,,36.61,wikipedia
1832,IN,,10.66,wikipedia
1832,KY,,8.98,wikipedia
1832,LA,,23.34,wikipedia
1832,ME,,10.69,wikipedia
1832,MD,1,24.8,wikipedia
1832,MD,2,8.38,wikipedia
1832,MD,4,2.58,wikipedia
1832,MA,,25.54,wikipedia
1832,MO,,30.33,wikipedia
1832,NH,,13.51,wikipedia
1832,NJ,,0.75,wikipedia
1832,NY,,4.21,wikipedia
1832,NC,,69.54,wikipedia
1832,OH,,2.97,wikipedia
1832,PA,,15.92,wikipedia
1832,RI,,14.28,wikipedia
1832,TN,,90.84,wikipedia
1832,VT,,6.08,wikipedia
1832,VA,,49.93,wikipedia
1836,AL,,10.67,wikipedia
1836,AR,,28.16,wikipedia
1836,CT,,1.3,wikipedia
1836,DE,,6.54,wikipedia
1836,GA,,3.6,wikipedia
1836,IL,,9.38,wikipedia
1836,IN,,11.93,wikipedia
1836,KY,,5.18,wikipedia
1836,LA,,3.49,wikipedia
1836,ME,,20.71,wikipedia
1836,MD,,7.45,wikipedia
1836,MA,,10.33,wikipedia
1836,MI,,12.45,wikipedia
1836,MS,,2.56,wikipedia
1836,MO,,19.95,wikipedia
1836,NH,,50.03,wikipedia
1836,NJ,,1.05,wikipedia
1836,NY,,9.25,wikipedia
1836,NC,,6.2,wikipedia
1836,OH,,4.31,wikipedia
1836,PA,,2.36,wikipedia
1836,RI,,4.48,wikipedia
1836,TN,,15.85,wikipedia
1836,VT,,19.86,wikipedia
1836,VA,,13.3,wikipedia
1840,AL,,8.77,wikipedia
1840,AR,,12.83,wikipedia
1840,CT,,11.11,wikipedia
1840,DE,,10.09,wikipedia
1840,GA,,11.55,wikipedia
1840,IL,,2.0,wikipedia
1840,IN,,11.72,wikipedia
1840,KY,,28.4,wikipedia
1840,LA,,19.46,wikipedia
1840,ME,,0.45,wikipedia
1840,MD,,7.67,wikipedia
1840,MA,,16.16,wikipedia
1840,MI,,4.14,wikipedia
1840,MS,,6.86,wikipedia
1840,MO,,13.26,wikipedia
1840,NH,,10.78,wikipedia
1840,NJ,,3.59,wikipedia
1840,NY,,3.0,wikipedia
1840,NC,,15.36,wikipedia
1840,OH,,8.54,wikipedia
1840,PA,,0.12,wikipedia
1840,RI,,22.93,wikipedia
1840,TN,,11.32,wikipedia
1840,VT,,28.43,wikipedia
1840,VA,,1.29,wikipedia
1844,AL,,17.98,wikipedia
1844,AR,,26.02,wikipedia
1844,CT,,4.63,wikipedia
1844,DE,,2.46,wikipedia
1844,GA,,2.37,wikipedia
1844,IL,,11.87,wikipedia
1844,IN,,1.65,wikipedia
1844,KY,,7.92,wikipedia
1844,LA,,2.6,wikipedia
1844,ME,,13.35,wikipedia
1844,MD,,4.77,wikipedia
1844,MA,,10.62,wikipedia
1844,MI,,6.03,wikipedia
1844,MS,,14.86,wikipedia
1844,MO,,13.96,wikipedia
1844,NH,,18.9,wikipedia
1844,NJ,,1.08,wikipedia
1844,NY,,1.05,wikipedia
1844,NC,,4.78,wikipedia
1844,OH,,1.94,wikipedia
1844,PA,,1.91,wikipedia
1844,RI,,19.97,wikipedia
1844,TN,,0.1,wikipedia
1844,VT,,17.88,wikipedia
1844,VA,,6.09,wikipedia
1848,AL,,1.12,wikipedia
1848,AR,,10.15,wikipedia
1848,CT,,5.24,wikipedia
1848,DE,,4.27,wikipedia
1848,FL,,14.4,wikipedia
1848,GA,,2.98,wikipedia
1848,IL,,2.49,wikipedia
1848,IN,,3.17,wikipedia
1848,IA,,5.87,wikipedia
1848,KY,,14.91,wikipedia
1848,LA,,9.18,wikipedia
1848,ME,,5.62,wikipedia
1848,MD,,4.39,wikipedia
1848,MA,,16.88,wikipedia
1848,MI,,10.44,wikipedia
1848,MS,,1.21,wikipedia
1848,MO,,10.18,wikipedia
1848,NH,,25.91,wikipedia
1848,NJ,,4.01,wikipedia
1848,NY,,21.51,wikipedia
1848,NC,,10.38,wikipedia
1848,OH,,5.0,wikipedia
1848,PA,,3.62,wikipedia
1848,RI,,28.09,wikipedia
1848,TN,,5.05,wikipedia
1848,TX,,40.58,wikipedia
1848,VT,,19.4,wikipedia
1848,VA,,1.6,wikipedia
1848,WI,,3.2,wikipedia
1852,AL,,26.77,wikipedia
1852,AR,,24.22,wikipedia
1852,CA,,6.33,wikipedia
1852,CT,,4.33,wikipedia
1852,DE,,0.24,wikipedia
1852,FL,,20.06,wikipedia
1852,GA,,28.92,wikipedia
1852,IL,,10.09,wikipedia
1852,IN,,7.66,wikipedia
1852,IA,,4.57,wikipedia
1852,KY,,2.97,wikipedia
1852,LA,,3.89,wikipedia
1852,ME,,11.03,wikipedia
1852,MD,,7.08,wikipedia
1852,MA,,5.44,wikipedia
1852,MI,,9.62,wikipedia
1852,MS,,21.77,wikipedia
1852,MO,,12.64,wikipedia
1852,NH,,25.76,wikipedia
1852,NJ,,6.85,wikipedia
1852,NY,,5.2,wikipedia
1852,NC,,0.86,wikipedia
1852,OH,,4.71,wikipedia
1852,PA,,4.99,wikipedia
1852,RI,,6.52,wikipedia
1852,TN,,1.51,wikipedia
1852,TX,,46.68,wikipedia
1852,VT,,20.79,wikipedia
1852,VA,,11.39,wikipedia
1852,WI,,17.65,wikipedia
1856,AL,,24.16,wikipedia
1856,AR,,34.24,wikipedia
1856,CA,,15.55,wikipedia
1856,CT,,9.61,wikipedia
1856,DE,,11.85,wikipedia
1856,FL,,13.63,wikipedia
1856,GA,,14.28,wikipedia
1856,IL,,3.87,wikipedia
1856,IN,,10.32,wikipedia
1856,IA,,8.13,wikipedia
1856,KY,,5.09,wikipedia
1856,LA,,3.39,wikipedia
1856,ME,,25.65,wikipedia
1856,MD,,9.59,wikipedia
1856,MA,,40.53,wikipedia
1856,MI,,15.63,wikipedia
1856,MS,,18.89,wikipedia
1856,MO,,8.87,wikipedia
1856,NH,,8.0,wikipedia
1856,NJ,,18.72,wikipedia
1856,NY,,13.43,wikipedia
1856,NC,,13.56,wikipedia
1856,OH,,4.3,wikipedia
1856,PA,,18.12,wikipedia
1856,RI,,24.15,wikipedia
1856,TN,,4.36,wikipedia
1856,TX,,33.18,wikipedia
1856,VT,,57.11,wikipedia
1856,VA,,19.93,wikipedia
1856,WI,,11.08,wikipedia
1860,AL,,23.12,wikipedia
1860,AR,,15.93,wikipedia
1860,CA,,0.59,wikipedia
1860,CT,,32.35,wikipedia
1860,DE,,21.43,wikipedia
1860,FL,,26.12,wikipedia
1860,GA,,8.64,wikipedia
1860,IL,,3.82,wikipedia
1860,IN,,8.77,wikipedia
1860,IA,,11.88,wikipedia
1860,KY,,8.83,wikipedia
1860,LA,,4.9,wikipedia
1860,ME,,32.79,wikipedia
1860,MD,,0.8,wikipedia
1860,MA,,42.61,wikipedia
1860,MI,,15.24,wikipedia
1860,MN,,29.18,wikipedia
1860,MS,,22.79,wikipedia
1860,MO,,0.33,wikipedia
1860,NH,,17.64,wikipedia
1860,NJ,,3.73,wikipedia
1860,NY,,7.39,wikipedia
1860,NC,,3.69,wikipedia
1860,OH,,10.02,wikipedia
1860,OR,,1.83,wikipedia
1860,PA,,18.71,wikipedia
1860,RI,,22.74,wikipedia
1860,TN,,3.19,wikipedia
1860,TX,,51.09,wikipedia
1860,VT,,56.49,wikipedia
1860,VA,,0.2,wikipedia
1860,WI,,13.86,wikipedia
1864,CA,,17.27,wikipedia
1864,CT,,2.76,wikipedia
1864,DE,,3.62,wikipedia
1864,IL,,8.84,wikipedia
1864,IN,,7.19,wikipedia
1864,IA,,28.24,wikipedia
1864,KS,,61.41,wikipedia
1864,KY,,39.65,wikipedia
1864,ME,,18.13,wikipedia
1864,MD,,10.17,wikipedia
1864,MA,,44.45,wikipedia
1864,MI,,7.2,wikipedia
1864,MN,,18.15,wikipedia
1864,MO,,39.44,wikipedia
1864,NV,,19.68,wikipedia
1864,NH,,5.12,wikipedia
1864,NJ,,5.67,wikipedia
1864,NY,,0.92,wikipedia
1864,OH,,12.74,wikipedia
1864,OR,,7.8,wikipedia
1864,PA,,3.51,wikipedia
1864,RI,,24.48,wikipedia
1864,TN,,71.43,wikipedia
1864,VT,,52.2,wikipedia
1864,WV,,36.47,wikipedia
1864,WI,,11.77,wikipedia
1868,AL,,2.5,wikipedia
1868,AR,,7.37,wikipedia
1868,CA,,0.47,wikipedia
1868,CT,,2.98,wikipedia
1868,DE,,18.0,wikipedia
1868,GA,,28.53,wikipedia
1868,IL,,11.39,wikipedia
1868,IN,,2.79,wikipedia
1868,IA,,23.84,wikipedia
1868,KS,,37.65,wikipedia
1868,KY,,49.1,wikipedia
1868,LA,,41.38,wikipedia
1868,ME,,24.82,wikipedia
1868,MD,,34.4,wikipedia
1868,MA,,39.53,wikipedia
1868,MI,,13.96,wikipedia
1868,MN,,21.76,wikipedia
1868,MO,,13.92,wikipedia
1868,NE,,27.81,wikipedia
1868,NV,,10.79,wikipedia
1868,NH,,10.46,wikipedia
1868,NJ,,1.76,wikipedia
1868,NY,,1.18,wikipedia
1868,NC,,6.82,wikipedia
1868,OH,,8.01,wikipedia
1868,OR,,0.74,wikipedia
1868,PA,,4.41,wikipedia
1868,RI,,32.98,wikipedia
1868,SC,,15.87,wikipedia
1868,TN,,36.85,wikipedia
1868,VT,,57.14,wikipedia
1868,WV,,17.66,wikipedia
1868,WI,,12.5,wikipedia
1872,AL,,6.38,wikipedia
1872,AR,,4.35,wikipedia
1872,CA,,13.26,wikipedia
1872,CT,,4.81,wikipedia
1872,DE,,4.23,wikipedia
1872,FL,,7.04,wikipedia
1872,GA,,9.94,wikipedia
1872,IL,,13.27,wikipedia
1872,IN,,6.41,wikipedia
1872,IA,,23.08,wikipedia
1872,KS,,33.66,wikipedia
1872,KY,,5.87,wikipedia
1872,LA,,11.37,wikipedia
1872,ME,,35.71,wikipedia
1872,MD,,0.69,wikipedia
1872,MA,,38.5,wikipedia
1872,MI,,27.19,wikipedia
1872,MN,,22.54,wikipedia
1872,MS,,26.95,wikipedia
1872,MO,,11.81,wikipedia
1872,NE,,41.36,wikipedia
1872,NV,,14.86,wikipedia
1872,NH,,8.33,wikipedia
1872,NJ,,9.04,wikipedia
1872,NY,,6.46,wikipedia
1872,NC,,14.92,wikipedia
1872,OH,,7.09,wikipedia
1872,OR,,20.23,wikipedia
1872,PA,,24.42,wikipedia
1872,RI,,43.89,wikipedia
1872,SC,,51.95,wikipedia
1872,TN,,4.32,wikipedia
1872,TX,,16.36,wikipedia
1872,VT,,57.67,wikipedia
1872,VA,,0.98,wikipedia
1872,WV,,4.46,wikipedia
1872,WI,,9.63,wikipedia
1876,AL,,19.97,wikipedia
1876,AR,,20.05,wikipedia
1876,CA,,1.79,wikipedia
1876,CT,,2.37,wikipedia
1876,DE,,10.89,wikipedia
1876,FL,,1.97,wikipedia
1876,GA,,44.07,wikipedia
1876,IL,,3.54,wikipedia
1876,IN,,1.26,wikipedia
1876,IA,,20.21,wikipedia
1876,KS,,32.56,wikipedia
1876,KY,,23.98,wikipedia
1876,LA,,3.3,wikipedia
1876,ME,,14.0,wikipedia
1876,MD,,12.09,wikipedia
1876,MA,,15.9,wikipedia
1876,MI,,7.92,wikipedia
1876,MN,,19.64,wikipedia
1876,MS,,36.15,wikipedia
1876,MO,,16.27,wikipedia
1876,NE,,29.4,wikipedia
1876,NV,,5.46,wikipedia
1876,NH,,3.78,wikipedia
1876,NJ,,5.65,wikipedia
1876,NY,,3.22,wikipedia
1876,NC,,7.24,wikipedia
1876,OH,,1.14,wikipedia
1876,OR,,3.54,wikipedia
1876,PA,,2.37,wikipedia
1876,RI,,19.06,wikipedia
1876,SC,,0.49,wikipedia
1876,TN,,19.58,wikipedia
1876,TX,,40.09,wikipedia
1876,VT,,36.93,wikipedia
1876,VA,,19.15,wikipedia
1876,WV,,14.6,wikipedia
1876,WI,,2.39,wikipedia
1880,AL,,23.0,wikipedia
1880,AR,,17.09,wikipedia
1880,CA,,0.06,wikipedia
1880,CO,,5.23,wikipedia
1880,CT,,2.0,wikipedia
1880,DE,,3.87,wikipedia
1880,FL,,8.35,wikipedia
1880,GA,,30.91,wikipedia
1880,IL,,6.54,wikipedia
1880,IN,,1.41,wikipedia
1880,IA,,24.14,wikipedia
1880,KS,,30.69,wikipedia
1880,KY,,16.01,wikipedia
1880,LA,,25.38,wikipedia
1880,ME,,6.17,wikipedia
1880,MD,,8.78,wikipedia
1880,MA,,18.97,wikipedia
1880,MI,,15.23,wikipedia
1880,MN,,26.92,wikipedia
1880,MS,,35.13,wikipedia
1880,MO,,13.75,wikipedia
1880,NE,,30.25,wikipedia
1880,NV,,4.8,wikipedia
1880,NH,,4.7,wikipedia
1880,NJ,,0.82,wikipedia
1880,NY,,1.91,wikipedia
1880,NC,,3.46,wikipedia
1880,OH,,4.72,wikipedia
1880,OR,,1.63,wikipedia
1880,PA,,4.26,wikipedia
1880,RI,,25.37,wikipedia
1880,SC,,31.73,wikipedia
1880,TN,,8.86,wikipedia
1880,TX,,40.76,wikipedia
1880,VT,,41.79,wikipedia
1880,VA,,21.05,wikipedia
1880,WV,,9.89,wikipedia
1880,WI,,11.13,wikipedia
1884,AL,,21.67,wikipedia
1884,AR,,17.12,wikipedia
1884,CA,,6.64,wikipedia
1884,CO,,12.57,wikipedia
1884,CT,,0.94,wikipedia
1884,DE,,13.35,wikipedia
1884,FL,,6.23,wikipedia
1884,GA,,32.08,wikipedia
1884,IL,,3.73,wikipedia
1884,IN,,1.32,wikipedia
1884,IA,,5.24,wikipedia
1884,KS,,24.18,wikipedia
1884,KY,,12.4,wikipedia
1884,LA,,14.85,wikipedia
1884,ME,,15.38,wikipedia
1884,MD,,5.98,wikipedia
1884,MA,,8.03,wikipedia
1884,MI,,0.82,wikipedia
1884,MN,,21.9,wikipedia
1884,MS,,28.68,wikipedia
1884,MO,,7.47,wikipedia
1884,NE,,16.78,wikipedia
1884,NV,,12.62,wikipedia
1884,NH,,4.8,wikipedia
1884,NJ,,1.67,wikipedia
1884,NY,,0.1,wikipedia
1884,NC,,6.66,wikipedia
1884,OH,,4.05,wikipedia
1884,OR,,4.28,wikipedia
1884,PA,,9.52,wikipedia
1884,RI,,20.26,wikipedia
1884,SC,,51.84,wikipedia
1884,TN,,3.72,wikipedia
1884,TX,,40.63,wikipedia
1884,VT,,37.34,wikipedia
1884,VA,,2.15,wikipedia
1884,WV,,3.19,wikipedia
1884,WI,,4.59,wikipedia
1888,AL,,34.35,wikipedia
1888,AR,,16.75,wikipedia
1888,CA,,2.82,wikipedia
1888,CO,,14.38,wikipedia
1888,CT,,0.22,wikipedia
1888,DE,,11.64,wikipedia
1888,FL,,19.59,wikipedia
1888,GA,,41.97,wikipedia
1888,IL,,2.96,wikipedia
1888,IN,,0.44,wikipedia
1888,IA,,7.85,wikipedia
1888,KS,,24.21,wikipedia
1888,KY,,8.32,wikipedia
1888,LA,,46.92,wikipedia
1888,ME,,18.13,wikipedia
1888,MD,,2.94,wikipedia
1888,MA,,9.38,wikipedia
1888,MI,,4.82,wikipedia
1888,MN,,14.47,wikipedia
1888,MS,,47.81,wikipedia
1888,MO,,4.93,wikipedia
1888,NE,,13.76,wikipedia
1888,NV,,15.79,wikipedia
1888,NH,,2.5,wikipedia
1888,NJ,,2.35,wikipedia
1888,NY,,1.09,wikipedia
1888,NC,,4.59,wikipedia
1888,OH,,2.33,wikipedia
1888,OR,,10.94,wikipedia
1888,PA,,7.97,wikipedia
1888,RI,,10.89,wikipedia
1888,SC,,65.11,wikipedia
1888,TN,,6.49,wikipedia
1888,TX,,40.97,wikipedia
1888,VT,,43.4,wikipedia
1888,VA,,0.53,wikipedia
1888,WV,,0.32,wikipedia
1888,WI,,6.01,wikipedia
1892,AL,,22.86,wikipedia
1892,AR,,27.52,wikipedia
1892,CA,,0.05,wikipedia
1892,CO,,15.94,wikipedia
1892,CT,,3.26,wikipedia
1892,DE,,1.35,wikipedia
1892,FL,,71.35,wikipedia
1892,GA,,36.32,wikipedia
1892,ID,,9.9,wikipedia
1892,IL,,3.09,wikipedia
1892,IN,,1.29,wikipedia
1892,IA,,5.29,wikipedia
1892,KS,,1.81,wikipedia
1892,KY,,11.73,wikipedia
1892,LA,,53.06,wikipedia
1892,ME,,12.78,wikipedia
1892,MD,,9.91,wikipedia
1892,MA,,6.65,wikipedia
1892,MI,1,4.28,wikipedia
1892,MI,2,3.17,wikipedia
1892,MI,3,12.91,wikipedia
1892,MI,4,3.03,wikipedia
1892,MI,5,4.76,wikipedia
1892,MI,6,4.04,wikipedia
1892,MI,7,0.76,wikipedia
1892,MI,8,4.0,wikipedia
1892,MI,9,3.99,wikipedia
1892,MI,10,1.93,wikipedia
1892,MI,11,15.56,wikipedia
1892,MI,12,4.86,wikipedia
1892,MN,,8.2,wikipedia
1892,MS,,56.95,wikipedia
1892,MO,,7.52,wikipedia
1892,MT,,2.66,wikipedia
1892,NE,,2.04,wikipedia
1892,NV,,40.94,wikipedia
1892,NH,,4.0,wikipedia
1892,NJ,,4.43,wikipedia
1892,NY,,3.41,wikipedia
1892,NC,,11.63,wikipedia
1892,ND,,0.5,wikipedia
1892,OH,,0.13,wikipedia
1892,OR,,10.24,wikipedia
1892,PA,,6.36,wikipedia
1892,RI,,4.96,wikipedia
1892,SC,,58.63,wikipedia
1892,SD,,11.83,wikipedia
1892,TN,,13.52,wikipedia
1892,TX,,33.04,wikipedia
1892,VT,,38.83,wikipedia
1892,VA,,17.46,wikipedia
1892,WA,,7.57,wikipedia
1892,WV,,2.44,wikipedia
1892,WI,,1.68,wikipedia
1892,WY,,4.37,wikipedia
1896,AL,,38.35,wikipedia
1896,AR,,48.61,wikipedia
1896,CA,,0.64,wikipedia
1896,CO,,71.09,wikipedia
1896,CT,,30.7,wikipedia
1896,DE,,10.08,wikipedia
1896,FL,,46.16,wikipedia
1896,GA,,21.23,wikipedia
1896,ID,,56.79,wikipedia
1896,IL,,12.97,wikipedia
1896,IN,,2.85,wikipedia
1896,IA,,12.57,wikipedia
1896,KS,,3.69,wikipedia
1896,KY,,0.06,wikipedia
1896,LA,,54.57,wikipedia
1896,ME,,38.69,wikipedia
1896,MD,,13.11,wikipedia
1896,MA,,43.15,wikipedia
1896,MI,,10.3,wikipedia
1896,MN,,15.73,wikipedia
1896,MS,,84.11,wikipedia
1896,MO,,8.71,wikipedia
1896,MT,,60.23,wikipedia
1896,NE,,5.35,wikipedia
1896,NV,,62.42,wikipedia
1896,NH,,42.78,wikipedia
1896,NJ,,23.66,wikipedia
1896,NY,,18.85,wikipedia
1896,NC,,5.82,wikipedia
1896,ND,,11.92,wikipedia
1896,OH,,4.78,wikipedia
1896,OR,,2.09,wikipedia
1896,PA,,24.71,wikipedia
1896,RI,,41.94,wikipedia
1896,SC,,71.79,wikipedia
1896,SD,,0.22,wikipedia
1896,TN,,5.76,wikipedia
1896,TX,,37.25,wikipedia
1896,UT,,65.43,wikipedia
1896,VT,,63.41,wikipedia
1896,VA,,6.56,wikipedia
1896,WA,,15.13,wikipedia
1896,WV,,5.4,wikipedia
1896,WI,,22.93,wikipedia
1896,WY,,3.74,wikipedia
1900,AL,,26.0,wikipedia
1900,AR,,28.42,wikipedia
1900,CA,,13.16,wikipedia
1900,CO,,13.4,wikipedia
1900,CT,,15.85,wikipedia
1900,DE,,8.77,wikipedia
1900,FL,,52.76,wikipedia
1900,GA,,38.65,wikipedia
1900,ID,,3.83,wikipedia
1900,IL,,8.39,wikipedia
1900,IN,,3.99,wikipedia
1900,IA,,18.58,wikipedia
1900,KS,,6.6,wikipedia
1900,KY,,1.71,wikipedia
1900,LA,,58.07,wikipedia
1900,ME,,27.05,wikipedia
1900,MD,,5.27,wikipedia
1900,MA,,19.74,wikipedia
1900,MI,,19.21,wikipedia
1900,MN,,24.52,wikipedia
1900,MS,,77.89,wikipedia
1900,MO,,5.53,wikipedia
1900,MT,,18.64,wikipedia
1900,NE,,3.24,wikipedia
1900,NV,,24.5,wikipedia
1900,NH,,20.91,wikipedia
1900,NJ,,14.19,wikipedia
1900,NY,,9.27,wikipedia
1900,NC,,8.46,wikipedia
1900,ND,,26.59,wikipedia
1900,OH,,6.64,wikipedia
1900,OR,,16.05,wikipedia
1900,PA,,24.58,wikipedia
1900,RI,,24.71,wikipedia
1900,SC,,85.91,wikipedia
1900,SD,,15.59,wikipedia
1900,TN,,8.08,wikipedia
1900,TX,,32.28,wikipedia
1900,UT,,2.29,wikipedia
1900,VT,,52.87,wikipedia
1900,VA,,11.47,wikipedia
1900,WA,,11.74,wikipedia
1900,WV,,9.52,wikipedia
1900,WI,,24.09,wikipedia
1900,WY,,17.49,wikipedia
1904,AL,,52.7,wikipedia
1904,AR,,15.1,wikipedia
1904,CA,,34.9,wikipedia
1904,CO,,14.18,wikipedia
1904,CT,,19.98,wikipedia
1904,DE,,9.94,wikipedia
1904,FL,,46.85,wikipedia
1904,GA,,45.4,wikipedia
1904,ID,,40.37,wikipedia
1904,IL,,28.34,wikipedia
1904,IN,,13.77,wikipedia
1904,IA,,32.69,wikipedia
1904,KS,,38.59,wikipedia
1904,KY,,2.69,wikipedia
1904,LA,,78.84,wikipedia
1904,ME,,38.95,wikipedia
1904,MD,,0.02,wikipedia
1904,MA,,20.69,wikipedia
1904,MI,,43.72,wikipedia
1904,MN,,55.13,wikipedia
1904,MS,,85.49,wikipedia
1904,MO,,3.9,wikipedia
1904,MT,,20.42,wikipedia
1904,NE,,37.94,wikipedia
1904,NV,,23.79,wikipedia
1904,NH,,22.28,wikipedia
1904,NJ,,18.63,wikipedia
1904,NY,,10.85,wikipedia
1904,NC,,20.04,wikipedia
1904,ND,,54.73,wikipedia
1904,OH,,25.43,wikipedia
1904,OR,,47.62,wikipedia
1904,PA,,40.67,wikipedia
1904,RI,,24.42,wikipedia
1904,SC,,90.73,wikipedia
1904,SD,,49.42,wikipedia
1904,TN,,10.83,wikipedia
1904,TX,,49.55,wikipedia
1904,UT,,28.56,wikipedia
1904,VT,,59.13,wikipedia
1904,VA,,24.9,wikipedia
1904,WA,,50.6,wikipedia
1904,WV,,13.24,wikipedia
1904,WI,,35.2,wikipedia
1904,WY,,37.64,wikipedia
1908,AL,,46.44,wikipedia
1908,AR,,20.02,wikipedia
1908,CA,,22.48,wikipedia
1908,CO,,1.12,wikipedia
1908,CT,,23.5,wikipedia
1908,DE,,6.16,wikipedia
1908,FL,,41.43,wikipedia
1908,GA,,23.39,wikipedia
1908,ID,,16.92,wikipedia
1908,IL,,15.5,wikipedia
1908,IN,,1.49,wikipedia
1908,IA,,15.05,wikipedia
1908,KS,,9.58,wikipedia
1908,KY,,1.71,wikipedia
1908,LA,,72.7,wikipedia
1908,ME,,29.7,wikipedia
1908,MD,,0.25,wikipedia
1908,MA,,24.17,wikipedia
1908,MI,,29.49,wikipedia
1908,MN,,26.09,wikipedia
1908,MS,,83.59,wikipedia
1908,MO,,0.09,wikipedia
1908,MT,,4.37,wikipedia
1908,NE,,1.54,wikipedia
1908,NV,,1.78,wikipedia
1908,NH,,21.76,wikipedia
1908,NJ,,17.72,wikipedia
1908,NY,,12.37,wikipedia
1908,NC,,8.73,wikipedia
1908,ND,,26.23,wikipedia
1908,OH,,6.2,wikipedia
1908,OK,,5.2,wikipedia
1908,OR,,22.08,wikipedia
1908,PA,,23.43,wikipedia
1908,RI,,26.6,wikipedia
1908,SC,,87.89,wikipedia
1908,SD,,23.76,wikipedia
1908,TN,,6.86,wikipedia
1908,TX,,51.62,wikipedia
1908,UT,,16.97,wikipedia
1908,VT,,53.26,wikipedia
1908,VA,,22.16,wikipedia
1908,WA,,25.76,wikipedia
1908,WV,,10.25,wikipedia
1908,WI,,17.84,wikipedia
1908,WY,,15.76,wikipedia
1912,AL,,50.66,wikipedia
1912,AZ,,14.23,wikipedia
1912,AR,,34.55,wikipedia
1912,CA,,0.03,wikipedia
1912,CO,,15.71,wikipedia
1912,CT,,3.28,wikipedia
1912,DE,,13.62,wikipedia
1912,FL,,60.07,wikipedia
1912,GA,,58.53,wikipedia
1912,ID,,1.05,wikipedia
1912,IL,,1.62,wikipedia
1912,IN,,18.32,wikipedia
1912,IA,,4.77,wikipedia
1912,KS,,6.42,wikipedia
1912,KY,,22.97,wikipedia
1912,LA,,65.1,wikipedia
1912,ME,,2.02,wikipedia
1912,MD,,23.66,wikipedia
1912,MA,,3.58,wikipedia
1912,MI,,11.31,wikipedia
1912,MN,,5.81,wikipedia
1912,MS,,83.39,wikipedia
1912,MO,,17.6,wikipedia
1912,MT,,6.87,wikipedia
1912,NE,,14.56,wikipedia
1912,NV,,11.76,wikipedia
1912,NH,,2.04,wikipedia
1912,NJ,,7.6,wikipedia
1912,NM,,5.48,wikipedia
1912,NY,,12.6,wikipedia
1912,NC,,30.88,wikipedia
1912,ND,,4.42,wikipedia
1912,OH,,14.14,wikipedia
1912,OK,,11.18,wikipedia
1912,OR,,6.91,wikipedia
1912,PA,,4.04,wikipedia
1912,RI,,3.48,wikipedia
1912,SC,,93.47,wikipedia
1912,SD,,8.48,wikipedia
1912,TN,,28.8,wikipedia
1912,TX,,63.17,wikipedia
1912,UT,,4.91,wikipedia
1912,VT,,1.91,wikipedia
1912,VA,,48.95,wikipedia
1912,WA,,8.32,wikipedia
1912,WV,,12.68,wikipedia
1912,WI,,8.41,wikipedia
1912,WY,,1.77,wikipedia
1916,AL,,54.12,wikipedia
1916,AZ,,21.8,wikipedia
1916,AR,,37.23,wikipedia
1916,CA,,0.38,wikipedia
1916,CO,,25.99,wikipedia
1916,CT,,3.15,wikipedia
1916,DE,,2.43,wikipedia
1916,FL,,51.25,wikipedia
1916,GA,,66.63,wikipedia
1916,ID,,10.91,wikipedia
1916,IL,,9.23,wikipedia
1916,IN,,0.97,wikipedia
1916,IA,,12.01,wikipedia
1916,KS,,5.86,wikipedia
1916,KY,,5.41,wikipedia
1916,LA,,78.95,wikipedia
1916,ME,,4.02,wikipedia
1916,MD,,8.02,wikipedia
1916,MA,,3.93,wikipedia
1916,MI,,8.04,wikipedia
1916,MN,,0.1,wikipedia
1916,MS,,87.87,wikipedia
1916,MO,,3.65,wikipedia
1916,MT,,19.31,wikipedia
1916,NE,,14.29,wikipedia
1916,NV,,16.96,wikipedia
1916,NH,,0.06,wikipedia
1916,NJ,,11.72,wikipedia
1916,NM,,3.56,wikipedia
1916,NY,,7.02,wikipedia
1916,NC,,16.39,wikipedia
1916,ND,,1.5,wikipedia
1916,OH,,7.67,wikipedia
1916,OK,,17.38,wikipedia
1916,OR,,2.57,wikipedia
1916,PA,,14.03,wikipedia
1916,RI,,5.08,wikipedia
1916,SC,,94.28,wikipedia
1916,SD,,3.9,wikipedia
1916,TN,,13.61,wikipedia
1916,TX,,59.47,wikipedia
1916,UT,,20.96,wikipedia
1916,VT,,27.21,wikipedia
1916,VA,,35.16,wikipedia
1916,WA,,4.25,wikipedia
1916,WV,,0.94,wikipedia
1916,WI,,6.59,wikipedia
1916,WY,,12.77,wikipedia
1920,AL,,35.94,wikipedia
1920,AZ,,11.22,wikipedia
1920,AR,,19.76,wikipedia
1920,CA,,41.93,wikipedia
1920,CO,,23.39,wikipedia
1920,CT,,29.69,wikipedia
1920,DE,,13.65,wikipedia
1920,FL,,31.34,wikipedia
1920,GA,,44.57,wikipedia
1920,ID,,31.26,wikipedia
1920,IL,,42.3,wikipedia
1920,IN,,14.65,wikipedia
1920,IA,,45.44,wikipedia
1920,KS,,32.23,wikipedia
1920,KY,,0.44,wikipedia
1920,LA,,38.75,wikipedia
1920,ME,,39.12,wikipedia
1920,MD,,12.95,wikipedia
1920,MA,,40.7,wikipedia
1920,MI,,50.5,wikipedia
1920,MN,,51.16,wikipedia
1920,MS,,69.95,wikipedia
1920,MO,,11.43,wikipedia
1920,MT,,29.08,wikipedia
1920,NE,,33.41,wikipedia
1920,NV,,20.7,wikipedia
1920,NH,,20.45,wikipedia
1920,NJ,,39.23,wikipedia
1920,NM,,10.4,wikipedia
1920,NY,,37.6,wikipedia
1920,NC,,13.48,wikipedia
1920,ND,,59.6,wikipedia
1920,OH,,19.88,wikipedia
1920,OK,,5.5,wikipedia
1920,OR,,26.65,wikipedia
1920,PA,,38.56,wikipedia
1920,RI,,31.19,wikipedia
1920,SC,,92.14,wikipedia
1920,SD,,41.02,wikipedia
1920,TN,,3.1,wikipedia
1920,TX,,35.8,wikipedia
1920,UT,,17.09,wikipedia
1920,VT,,52.57,wikipedia
1920,VA,,23.47,wikipedia
1920,WA,,34.82,wikipedia
1920,WV,,12.0,wikipedia
1920,WI,,54.92,wikipedia
1920,WY,,32.29,wikipedia
1924,AL,,40.79,wikipedia
1924,AZ,,5.79,wikipedia
1924,AR,,31.93,wikipedia
1924,CA,,24.07,wikipedia
1924,CO,,35.04,wikipedia
1924,CT,,34.01,wikipedia
1924,DE,,20.9,wikipedia
1924,FL,,28.81,wikipedia
1924,GA,,55.77,wikipedia
1924,ID,,10.6,wikipedia
1924,IL,,35.48,wikipedia
1924,IN,,16.57,wikipedia
1924,IA,,27.17,wikipedia
1924,KS,,37.94,wikipedia
1924,KY,,2.96,wikipedia
1924,LA,,56.21,wikipedia
1924,ME,,50.2,wikipedia
1924,MD,,4.0,wikipedia
1924,MA,,37.41,wikipedia
1924,MI,,62.24,wikipedia
1924,MN,,9.92,wikipedia
1924,MS,,81.79,wikipedia
1924,MO,,5.79,wikipedia
1924,MT,,4.6,wikipedia
1924,NE,,17.51,wikipedia
1924,NV,,5.48,wikipedia
1924,NH,,25.11,wikipedia
1924,NJ,,34.75,wikipedia
1924,NM,,5.5,wikipedia
1924,NY,,26.63,wikipedia
1924,NC,,19.17,wikipedia
1924,ND,,2.52,wikipedia
1924,OH,,34.63,wikipedia
1924,OK,,5.59,wikipedia
1924,OR,,26.54,wikipedia
1924,PA,,46.26,wikipedia
1924,RI,,23.17,wikipedia
1924,SC,,94.35,wikipedia
1924,SD,,12.73,wikipedia
1924,TN,,9.21,wikipedia
1924,TX,,53.93,wikipedia
1924,UT,,19.32,wikipedia
1924,VT,,62.55,wikipedia
1924,VA,,29.7,wikipedia
1924,WA,,16.49,wikipedia
1924,WV,,5.38,wikipedia
1924,WI,,16.9,wikipedia
1924,WY,,20.88,wikipedia
1928,AL,,2.84,wikipedia
1928,AZ,,15.34,wikipedia
1928,AR,,20.96,wikipedia
1928,CA,,30.5,wikipedia
1928,CO,,30.78,wikipedia
1928,CT,,8.06,wikipedia
1928,DE,,30.42,wikipedia
1928,FL,,16.72,wikipedia
1928,GA,,13.19,wikipedia
1928,ID,,29.3,wikipedia
1928,IL,,14.65,wikipedia
1928,IN,,20.09,wikipedia
1928,IA,,24.2,wikipedia
1928,KS,,44.96,wikipedia
1928,KY,,18.82,wikipedia
1928,LA,,52.58,wikipedia
1928,ME,,37.66,wikipedia
1928,MD,,14.74,wikipedia
1928,MA,,1.09,wikipedia
1928,MI,,41.44,wikipedia
1928,MN,,16.94,wikipedia
1928,MS,,64.2,wikipedia
1928,MO,,11.43,wikipedia
1928,MT,,17.89,wikipedia
1928,NE,,27.01,wikipedia
1928,NV,,13.07,wikipedia
1928,NH,,17.63,wikipedia
1928,NJ,,19.97,wikipedia
1928,NM,,18.16,wikipedia
1928,NY,,2.35,wikipedia
1928,NC,,9.87,wikipedia
1928,ND,,10.34,wikipedia
1928,OH,,30.43,wikipedia
1928,OK,,28.28,wikipedia
1928,OR,,30.04,wikipedia
1928,PA,,31.35,wikipedia
1928,RI,,0.61,wikipedia
1928,SC,,82.85,wikipedia
1928,SD,,20.98,wikipedia
1928,TN,,7.72,wikipedia
1928,TX,,3.67,wikipedia
1928,UT,,7.72,wikipedia
1928,VT,,34.0,wikipedia
1928,VA,,8.01,wikipedia
1928,WA,,35.75,wikipedia
1928,WV,,17.39,wikipedia
1928,WI,,9.24,wikipedia
1928,WY,,28.31,wikipedia
1932,AL,,70.61,wikipedia
1932,AZ,,36.5,wikipedia
1932,AR,,73.06,wikipedia
1932,CA,,21.0,wikipedia
1932,CO,,13.38,wikipedia
1932,CT,,1.14,wikipedia
1932,DE,,2.44,wikipedia
1932,FL,,49.64,wikipedia
1932,GA,,83.83,wikipedia
1932,ID,,20.39,wikipedia
1932,IL,,13.19,wikipedia
1932,IN,,11.72,wikipedia
1932,IA,,17.71,wikipedia
1932,KS,,9.43,wikipedia
1932,KY,,18.91,wikipedia
1932,LA,,85.77,wikipedia
1932,ME,,12.64,wikipedia
1932,MD,,25.46,wikipedia
1932,MA,,4.0,wikipedia
1932,MI,,7.92,wikipedia
1932,MN,,23.62,wikipedia
1932,MS,,92.44,wikipedia
1932,MO,,28.62,wikipedia
1932,MT,,22.73,wikipedia
1932,NE,,27.7,wikipedia
1932,NV,,38.82,wikipedia
1932,NH,,1.43,wikipedia
1932,NJ,,1.9,wikipedia
1932,NM,,26.96,wikipedia
1932,NY,,12.73,wikipedia
1932,NC,,40.65,wikipedia
1932,ND,,41.58,wikipedia
1932,OH,,2.85,wikipedia
1932,OK,,46.59,wikipedia
1932,OR,,21.11,wikipedia
1932,PA,,5.51,wikipedia
1932,RI,,11.77,wikipedia
1932,SC,,96.13,wikipedia
1932,SD,,29.23,wikipedia
1932,TN,,34.01,wikipedia
1932,TX,,76.72,wikipedia
1932,UT,,15.47,wikipedia
1932,VT,,16.58,wikipedia
1932,VA,,38.38,wikipedia
1932,WA,,23.52,wikipedia
1932,WV,,10.0,wikipedia
1932,WI,,32.26,wikipedia
1932,WY,,15.25,wikipedia
1936,AL,,73.67,wikipedia
1936,AZ,,42.92,wikipedia
1936,AR,,63.94,wikipedia
1936,CA,,35.26,wikipedia
1936,CO,,23.28,wikipedia
1936,CT,,14.98,wikipedia
1936,DE,,9.77,wikipedia
1936,FL,,52.2,wikipedia
1936,GA,,74.5,wikipedia
1936,ID,,29.77,wikipedia
1936,IL,,18.01,wikipedia
1936,IN,,14.74,wikipedia
1936,IA,,11.71,wikipedia
1936,KS,,7.72,wikipedia
1936,KY,,18.6,wikipedia
1936,LA,,77.66,wikipedia
1936,ME,,13.97,wikipedia
1936,MD,,25.31,wikipedia
1936,MA,,9.46,wikipedia
1936,MI,,17.56,wikipedia
1936,MN,,30.83,wikipedia
1936,MS,,94.31,wikipedia
1936,MO,,22.59,wikipedia
1936,MT,,41.69,wikipedia
1936,NE,,16.4,wikipedia
1936,NV,,45.62,wikipedia
1936,NH,,1.75,wikipedia
1936,NJ,,19.97,wikipedia
1936,NM,,26.19,wikipedia
1936,NY,,19.88,wikipedia
1936,NC,,46.8,wikipedia
1936,ND,,33.03,wikipedia
1936,OH,,20.56,wikipedia
1936,OK,,34.14,wikipedia
1936,OR,,34.79,wikipedia
1936,PA,,16.04,wikipedia
1936,RI,,12.92,wikipedia
1936,SC,,97.15,wikipedia
1936,SD,,11.52,wikipedia
1936,TN,,38.1,wikipedia
1936,TX,,74.76,wikipedia
1936,UT,,39.55,wikipedia
1936,VT,,13.15,wikipedia
1936,VA,,40.84,wikipedia
1936,WA,,36.5,wikipedia
1936,WV,,21.35,wikipedia
1936,WI,,33.54,wikipedia
1936,WY,,23.1,wikipedia
1940,AL,,70.88,wikipedia
1940,AZ,,27.48,wikipedia
1940,AR,,58.03,wikipedia
1940,CA,,16.1,wikipedia
1940,CO,,2.55,wikipedia
1940,CT,,7.14,wikipedia
1940,DE,,9.65,wikipedia
1940,FL,,48.03,wikipedia
1940,GA,,70.02,wikipedia
1940,ID,,9.05,wikipedia
1940,IL,,2.43,wikipedia
1940,IN,,1.42,wikipedia
1940,IA,,4.41,wikipedia
1940,KS,,14.47,wikipedia
1940,KY,,15.14,wikipedia
1940,LA,,71.8,wikipedia
1940,ME,,2.33,wikipedia
1940,MD,,17.42,wikipedia
1940,MA,,6.75,wikipedia
1940,MI,,0.33,wikipedia
1940,MN,,3.83,wikipedia
1940,MS,,91.51,wikipedia
1940,MO,,4.77,wikipedia
1940,MT,,18.61,wikipedia
1940,NE,,14.37,wikipedia
1940,NV,,20.15,wikipedia
1940,NH,,6.44,wikipedia
1940,NJ,,3.62,wikipedia
1940,NM,,13.31,wikipedia
1940,NY,,3.56,wikipedia
1940,NC,,48.06,wikipedia
1940,ND,,10.88,wikipedia
1940,OH,,4.41,wikipedia
1940,OK,,15.18,wikipedia
1940,OR,,8.07,wikipedia
1940,PA,,6.89,wikipedia
1940,RI,,13.55,wikipedia
1940,SC,,91.26,wikipedia
1940,SD,,14.82,wikipedia
1940,TN,,34.9,wikipedia
1940,TX,,62.01,wikipedia
1940,UT,,24.67,wikipedia
1940,VT,,9.86,wikipedia
1940,VA,,36.52,wikipedia
1940,WA,,17.64,wikipedia
1940,WV,,14.2,wikipedia
1940,WI,,1.82,wikipedia
1940,WY,,5.93,wikipedia
1944,AL,,63.08,wikipedia
1944,AZ,,17.9,wikipedia
1944,AR,,40.11,wikipedia
1944,CA,,13.51,wikipedia
1944,CO,,6.81,wikipedia
1944,CT,,5.36,wikipedia
1944,DE,,9.11,wikipedia
1944,FL,,40.65,wikipedia
1944,GA,,63.49,wikipedia
1944,ID,,3.49,wikipedia
1944,IL,,3.47,wikipedia
1944,IN,,5.65,wikipedia
1944,IA,,4.5,wikipedia
1944,KS,,21.07,wikipedia
1944,KY,,9.23,wikipedia
1944,LA,,61.2,wikipedia
1944,ME,,4.99,wikipedia
1944,MD,,3.7,wikipedia
1944,MA,,5.81,wikipedia
1944,MI,,1.02,wikipedia
1944,MN,,5.55,wikipedia
1944,MS,,87.12,wikipedia
1944,MO,,2.94,wikipedia
1944,MT,,9.35,wikipedia
1944,NE,,17.16,wikipedia
1944,NV,,9.24,wikipedia
1944,NH,,4.24,wikipedia
1944,NJ,,1.35,wikipedia
1944,NM,,7.03,wikipedia
1944,NY,,5.01,wikipedia
1944,NC,,33.43,wikipedia
1944,ND,,8.35,wikipedia
1944,OH,,0.37,wikipedia
1944,OK,,11.36,wikipedia
1944,OR,,4.85,wikipedia
1944,PA,,2.78,wikipedia
1944,RI,,17.33,wikipedia
1944,SC,,80.1,wikipedia
1944,SD,,16.66,wikipedia
1944,TN,,21.23,wikipedia
1944,TX,,54.78,wikipedia
1944,UT,,21.02,wikipedia
1944,VT,,14.12,wikipedia
1944,VA,,24.98,wikipedia
1944,WA,,14.61,wikipedia
1944,WV,,9.78,wikipedia
1944,WI,,1.8,wikipedia
1944,WY,,2.47,wikipedia
1948,AL,,60.71,wikipedia
1948,AZ,,9.97,wikipedia
1948,AR,,40.71,wikipedia
1948,CA,,0.44,wikipedia
1948,CO,,5.35,wikipedia
1948,CT,,1.64,wikipedia
1948,DE,,1.28,wikipedia
1948,FL,,15.18,wikipedia
1948,GA,,40.48,wikipedia
1948,ID,,2.73,wikipedia
1948,IL,,0.84,wikipedia
1948,IN,,0.8,wikipedia
1948,IA,,2.73,wikipedia
1948,KS,,9.02,wikipedia
1948,KY,,15.26,wikipedia
1948,LA,,16.32,wikipedia
1948,ME,,14.47,wikipedia
1948,MD,,1.39,wikipedia
1948,MA,,11.5,wikipedia
1948,MI,,1.67,wikipedia
1948,MN,,17.27,wikipedia
1948,MS,,77.09,wikipedia
1948,MO,,16.61,wikipedia
1948,MT,,9.94,wikipedia
1948,NE,,8.31,wikipedia
1948,NV,,3.11,wikipedia
1948,NH,,5.75,wikipedia
1948,NJ,,4.39,wikipedia
1948,NM,,13.45,wikipedia
1948,NY,,0.99,wikipedia
1948,NC,,25.34,wikipedia
1948,ND,,8.76,wikipedia
1948,OH,,0.24,wikipedia
1948,OK,,25.49,wikipedia
1948,OR,,3.39,wikipedia
1948,PA,,4.01,wikipedia
1948,RI,,16.16,wikipedia
1948,SC,,47.82,wikipedia
1948,SD,,4.8,wikipedia
1948,TN,,12.26,wikipedia
1948,TX,,41.68,wikipedia
1948,UT,,8.96,wikipedia
1948,VT,,24.61,wikipedia
1948,VA,,6.85,wikipedia
1948,WA,,9.83,wikipedia
1948,WV,,15.08,wikipedia
1948,WI,,4.41,wikipedia
1948,WY,,4.35,wikipedia
1952,AL,,29.53,wikipedia
1952,AZ,,16.7,wikipedia
1952,AR,,12.14,wikipedia
1952,CA,,14.56,wikipedia
1952,CO,,21.31,wikipedia
1952,CT,,11.79,wikipedia
1952,DE,,3.88,wikipedia
1952,FL,,10.02,wikipedia
1952,GA,,39.32,wikipedia
1952,ID,,31.0,wikipedia
1952,IL,,9.9,wikipedia
1952,IN,,17.12,wikipedia
1952,IA,,28.17,wikipedia
1952,KS,,38.27,wikipedia
1952,KY,,0.07,wikipedia
1952,LA,,5.84,wikipedia
1952,ME,,32.28,wikipedia
1952,MD,,11.54,wikipedia
1952,MA,,8.76,wikipedia
1952,MI,,11.47,wikipedia
1952,MN,,11.22,wikipedia
1952,MS,,20.87,wikipedia
1952,MO,,1.56,wikipedia
1952,MT,,19.31,wikipedia
1952,NE,,38.31,wikipedia
1952,NV,,22.89,wikipedia
1952,NH,,21.84,wikipedia
1952,NJ,,14.83,wikipedia
1952,NM,,11.11,wikipedia
1952,NY,,11.9,wikipedia
1952,NC,,7.82,wikipedia
1952,ND,,42.58,wikipedia
1952,OH,,13.51,wikipedia
1952,OK,,9.18,wikipedia
1952,OR,,21.61,wikipedia
1952,PA,,5.88,wikipedia
1952,RI,,1.84,wikipedia
1952,SC,,1.44,wikipedia
1952,SD,,38.54,wikipedia
1952,TN,,0.27,wikipedia
1952,TX,,6.44,wikipedia
1952,UT,,17.85,wikipedia
1952,VT,,43.22,wikipedia
1952,VA,,12.97,wikipedia
1952,WA,,9.64,wikipedia
1952,WV,,3.85,wikipedia
1952,WI,,22.25,wikipedia
1952,WY,,25.62,wikipedia
1956,AL,,17.1,series
1956,AZ,,22.1,series
1956,AR,,6.6,series
1956,CA,,11.1,series
1956,CO,,19.7,series
1956,CT,,27.5,series
1956,DE,,10.5,series
1956,FL,,14.5,series
1956,GA,,33.1,series
1956,ID,,22.4,series
1956,IL,,19.2,series
1956,IN,,20.2,series
1956,IA,,18.4,series
1956,KS,,31.2,series
1956,KY,,9.1,series
1956,LA,,13.8,series
1956,ME,,41.7,series
1956,MD,,20.1,series
1956,MA,,18.9,series
1956,MI,,11.5,series
1956,MN,,7.6,series
1956,MS,,33.8,series
1956,MO,,0.2,series
1956,MT,,14.3,series
1956,NE,,31.0,series
1956,NV,,15.9,series
1956,NH,,32.3,series
1956,NJ,,30.5,series
1956,NM,,16.0,series
1956,NY,,22.4,series
1956,NC,,1.3,series
1956,ND,,23.6,series
1956,OH,,22.2,series
1956,OK,,10.3,series
1956,OR,,10.5,series
1956,PA,,13.2,series
1956,RI,,16.5,series
1956,SC,,15.9,series
1956,SD,,16.8,series
1956,TN,,0.6,series
1956,TX,,11.3,series
1956,UT,,29.1,series
1956,VT,,44.4,series
1956,VA,,17.0,series
1956,WA,,8.5,series
1956,WV,,8.2,series
1956,WI,,23.7,series
1956,WY,,20.2,series
1960,AL,,15.1,series
1960,AK,,1.9,series
1960,AZ,,11.2,series
1960,AR,,7.1,series
1960,CA,,0.5,series
1960,CO,,9.7,series
1960,CT,,7.5,series
1960,DE,,1.6,series
1960,FL,,3.0,series
1960,GA,,25.1,series
1960,HI,,0.1,series
1960,ID,,7.6,series
1960,IL,,0.2,series
1960,IN,,10.4,series
1960,IA,,13.5,series
1960,KS,,21.3,series
1960,KY,,7.2,series
1960,LA,,21.8,series
1960,ME,,14.1,series
1960,MD,,7.2,series
1960,MA,,20.7,series
1960,MI,,2.0,series
1960,MN,,1.4,series
1960,MS,,2.6,series
1960,MO,,0.5,series
1960,MT,,2.5,series
1960,NE,,24.1,series
1960,NV,,2.3,series
1960,NH,,6.8,series
1960,NJ,,0.8,series
1960,NM,,0.7,series
1960,NY,,5.3,series
1960,NC,,4.2,series
1960,ND,,10.9,series
1960,OH,,6.6,series
1960,OK,,18.0,series
1960,OR,,5.2,series
1960,PA,,2.3,series
1960,RI,,27.3,series
1960,SC,,2.5,series
1960,SD,,16.4,series
1960,TN,,7.1,series
1960,TX,,2.0,series
1960,UT,,9.6,series
1960,VT,,17.3,series
1960,VA,,5.5,series
1960,WA,,2.4,series
1960,WV,,5.5,series
1960,WI,,3.7,series
1960,WY,,9.5,series
1964,AL,,38.9,series
1964,AK,,31.8,series
1964,AZ,,1.0,series
1964,AR,,12.7,series
1964,CA,,18.3,series
1964,CO,,23.1,series
1964,CT,,35.7,series
1964,DE,,22.2,series
1964,DC,,71.0,series
1964,FL,,2.3,series
1964,GA,,8.3,series
1964,HI,,57.5,series
1964,ID,,1.8,series
1964,IL,,18.9,series
1964,IN,,12.4,series
1964,IA,,24.0,series
1964,KS,,9.0,series
1964,KY,,28.4,series
1964,LA,,13.6,series
1964,ME,,37.7,series
1964,MD,,30.9,series
1964,MA,,52.7,series
1964,MI,,33.6,series
1964,MN,,27.8,series
1964,MS,,74.3,series
1964,MO,,28.1,series
1964,MT,,18.4,series
1964,NE,,5.2,series
1964,NV,,17.2,series
1964,NH,,27.3,series
1964,NJ,,31.7,series
1964,NM,,19.0,series
1964,NY,,37.3,series
1964,NC,,12.3,series
1964,ND,,16.1,series
1964,OH,,25.9,series
1964,OK,,11.5,series
1964,OR,,27.8,series
1964,PA,,30.2,series
1964,RI,,61.7,series
1964,SC,,17.8,series
1964,SD,,11.2,series
1964,TN,,11.0,series
1964,TX,,26.8,series
1964,UT,,9.7,series
1964,VT,,32.6,series
1964,VA,,7.4,series
1964,WA,,24.6,series
1964,WV,,35.9,series
1964,WI,,24.3,series
1964,WY,,13.1,series
1968,AL,,47.1,series
1968,AK,,2.6,series
1968,AZ,,19.8,series
1968,AR,,7.6,series
1968,CA,,3.1,series
1968,CO,,9.7,series
1968,CT,,5.2,series
1968,DE,,3.5,series
1968,DC,,63.6,series
1968,FL,,9.6,series
1968,GA,,13.7,series
1968,HI,,21.1,series
1968,ID,,26.1,series
1968,IL,,2.9,series
1968,IN,,12.3,series
1968,IA,,12.2,series
1968,KS,,20.1,series
1968,KY,,6.1,series
1968,LA,,20.1,series
1968,ME,,12.2,series
1968,MD,,1.6,series
1968,MA,,30.1,series
1968,MI,,6.7,series
1968,MN,,12.5,series
1968,MS,,40.4,series
1968,MO,,1.1,series
1968,MT,,9.0,series
1968,NE,,28.0,series
1968,NV,,8.2,series
1968,NH,,8.2,series
1968,NJ,,2.1,series
1968,NM,,12.1,series
1968,NY,,5.5,series
1968,NC,,8.3,series
1968,ND,,17.7,series
1968,OH,,2.3,series
1968,OK,,15.7,series
1968,OR,,6.1,series
1968,PA,,3.6,series
1968,RI,,32.3,series
1968,SC,,5.8,series
1968,SD,,11.3,series
1968,TN,,3.8,series
1968,TX,,1.3,series
1968,UT,,19.4,series
1968,VT,,9.2,series
1968,VA,,10.9,series
1968,WA,,2.1,series
1968,WV,,8.8,series
1968,WI,,3.6,series
1968,WY,,20.2,series
1972,AL,,46.9,series
1972,AK,,23.5,series
1972,AZ,,31.3,series
1972,AR,,38.1,series
1972,CA,,13.5,series
1972,CO,,28.0,series
1972,CT,,18.4,series
1972,DE,,20.4,series
1972,DC,,56.5,series
1972,FL,,44.1,series
1972,GA,,50.4,series
1972,HI,,25.0,series
1972,ID,,38.2,series
1972,IL,,18.5,series
1972,IN,,32.8,series
1972,IA,,17.1,series
1972,KS,,38.2,series
1972,KY,,28.6,series
1972,LA,,37.0,series
1972,ME,,23.0,series
1972,ME,1,22.85,wikipedia
1972,ME,2,23.17,wikipedia
1972,MD,,23.9,series
1972,MA,,9.0,series
1972,MI,,14.4,series
1972,MN,,5.5,series
1972,MS,,58.6,series
1972,MO,,24.7,series
1972,MT,,20.1,series
1972,NE,,41.0,series
1972,NV,,27.4,series
1972,NH,,29.1,series
1972,NJ,,24.8,series
1972,NM,,24.5,series
1972,NY,,17.3,series
1972,NC,,40.6,series
1972,ND,,26.3,series
1972,OH,,21.6,series
1972,OK,,49.7,series
1972,OR,,10.1,series
1972,PA,,20.0,series
1972,RI,,6.2,series
1972,SC,,43.4,series
1972,SD,,8.6,series
1972,TN,,38.0,series
1972,TX,,33.0,series
1972,UT,,41.2,series
1972,VT,,26.6,series
1972,VA,,37.7,series
1972,WA,,18.3,series
1972,WV,,27.2,series
1972,WI,,9.7,series
1972,WY,,38.5,series
1976,AL,,13.11,wikipedia
1976,AK,,22.25,wikipedia
1976,AZ,,16.57,wikipedia
1976,AR,,30.01,wikipedia
1976,CA,,1.78,wikipedia
1976,CO,,11.47,wikipedia
1976,CT,,5.17,wikipedia
1976,DE,,5.41,wikipedia
1976,DC,,65.12,wikipedia
1976,FL,,5.28,wikipedia
1976,GA,,33.78,wikipedia
1976,HI,,2.53,wikipedia
1976,ID,,22.76,wikipedia
1976,IL,,1.97,wikipedia
1976,IN,,7.62,wikipedia
1976,IA,,1.01,wikipedia
1976,KS,,7.55,wikipedia
1976,KY,,7.19,wikipedia
1976,LA,,5.78,wikipedia
1976,ME,,0.83,wikipedia
1976,ME,1,1.33,wikipedia
1976,ME,2,0.28,wikipedia
1976,MD,,6.07,wikipedia
1976,MA,,15.67,wikipedia
1976,MI,,5.39,wikipedia
1976,MN,,12.87,wikipedia
1976,MS,,1.88,wikipedia
1976,MO,,3.63,wikipedia
1976,MT,,7.44,wikipedia
1976,NE,,20.74,wikipedia
1976,NV,,4.36,wikipedia
1976,NH,,11.28,wikipedia
1976,NJ,,2.16,wikipedia
1976,NM,,2.47,wikipedia
1976,NY,,4.43,wikipedia
1976,NC,,11.05,wikipedia
1976,ND,,5.85,wikipedia
1976,OH,,0.27,wikipedia
1976,OK,,1.21,wikipedia
1976,OR,,0.17,wikipedia
1976,PA,,2.66,wikipedia
1976,RI,,11.28,wikipedia
1976,SC,,13.04,wikipedia
1976,SD,,1.48,wikipedia
1976,TN,,13.0,wikipedia
1976,TX,,3.17,wikipedia
1976,UT,,28.79,wikipedia
1976,VT,,11.2,wikipedia
1976,VA,,1.34,wikipedia
1976,WA,,3.88,wikipedia
1976,WV,,16.14,wikipedia
1976,WI,,1.68,wikipedia
1976,WY,,19.49,wikipedia
1980,AL,,1.3,wikipedia
1980,AK,,27.94,wikipedia
1980,AZ,,32.36,wikipedia
1980,AR,,0.61,wikipedia
1980,CA,,16.78,wikipedia
1980,CO,,24.0,wikipedia
1980,CT,,9.63,wikipedia
1980,DE,,2.33,wikipedia
1980,DC,,61.49,wikipedia
1980,FL,,17.02,wikipedia
1980,GA,,14.81,wikipedia
1980,HI,,1.9,wikipedia
1980,ID,,41.27,wikipedia
1980,IL,,7.93,wikipedia
1980,IN,,18.35,wikipedia
1980,IA,,12.7,wikipedia
1980,KS,,24.56,wikipedia
1980,KY,,1.46,wikipedia
1980,LA,,5.45,wikipedia
1980,ME,,3.36,wikipedia
1980,ME,1,3.15,wikipedia
1980,ME,2,3.73,wikipedia
1980,MD,,2.96,wikipedia
1980,MA,,0.15,wikipedia
1980,MI,,6.49,wikipedia
1980,MN,,3.94,wikipedia
1980,MS,,1.32,wikipedia
1980,MO,,6.81,wikipedia
1980,MT,,24.39,wikipedia
1980,NE,,39.49,wikipedia
1980,NV,,35.64,wikipedia
1980,NH,,29.39,wikipedia
1980,NJ,,13.42,wikipedia
1980,NM,,18.18,wikipedia
1980,NY,,2.67,wikipedia
1980,NC,,2.12,wikipedia
1980,ND,,37.97,wikipedia
1980,OH,,10.6,wikipedia
1980,OK,,25.53,wikipedia
1980,OR,,9.66,wikipedia
1980,PA,,7.11,wikipedia
1980,RI,,10.47,wikipedia
1980,SC,,1.53,wikipedia
1980,SD,,28.83,wikipedia
1980,TN,,0.29,wikipedia
1980,TX,,13.86,wikipedia
1980,UT,,52.2,wikipedia
1980,VT,,5.96,wikipedia
1980,VA,,12.72,wikipedia
1980,WA,,12.34,wikipedia
1980,WV,,4.51,wikipedia
1980,WI,,4.72,wikipedia
1980,WY,,34.67,wikipedia
1984,AL,,22.26,wikipedia
1984,AK,,36.79,wikipedia
1984,AZ,,33.88,wikipedia
1984,AR,,22.18,wikipedia
1984,CA,,16.25,wikipedia
1984,CO,,28.32,wikipedia
1984,CT,,21.9,wikipedia
1984,DE,,19.85,wikipedia
1984,DC,,71.66,wikipedia
1984,FL,,30.66,wikipedia
1984,GA,,20.39,wikipedia
1984,HI,,11.28,wikipedia
1984,ID,,45.97,wikipedia
1984,IL,,12.88,wikipedia
1984,IN,,23.99,wikipedia
1984,IA,,7.39,wikipedia
1984,KS,,33.67,wikipedia
1984,KY,,20.66,wikipedia
1984,LA,,22.6,wikipedia
1984,ME,,22.05,wikipedia
1984,ME,1,19.81,wikipedia
1984,ME,2,24.78,wikipedia
1984,MD,,5.49,wikipedia
1984,MA,,2.79,wikipedia
1984,MI,,18.99,wikipedia
1984,MN,,0.18,wikipedia
1984,MS,,24.39,wikipedia
1984,MO,,20.05,wikipedia
1984,MT,,22.3,wikipedia
1984,NE,,41.74,wikipedia
1984,NV,,33.88,wikipedia
1984,NH,,37.71,wikipedia
1984,NJ,,20.89,wikipedia
1984,NM,,20.48,wikipedia
1984,NY,,8.01,wikipedia
1984,NC,,24.0,wikipedia
1984,ND,,31.04,wikipedia
1984,OH,,18.76,wikipedia
1984,OK,,37.94,wikipedia
1984,OR,,12.17,wikipedia
1984,PA,,7.35,wikipedia
1984,RI,,3.65,wikipedia
1984,SC,,27.99,wikipedia
1984,SD,,26.47,wikipedia
1984,TN,,16.27,wikipedia
1984,TX,,27.5,wikipedia
1984,UT,,49.83,wikipedia
1984,VT,,17.11,wikipedia
1984,VA,,25.19,wikipedia
1984,WA,,12.97,wikipedia
1984,WV,,10.51,wikipedia
1984,WI,,9.18,wikipedia
1984,WY,,42.27,wikipedia
1988,AL,,19.3,wikipedia
1988,AK,,23.32,wikipedia
1988,AZ,,21.21,wikipedia
1988,AR,,14.18,wikipedia
1988,CA,,3.57,wikipedia
1988,CO,,7.78,wikipedia
1988,CT,,5.1,wikipedia
1988,DE,,12.4,wikipedia
1988,DC,,68.34,wikipedia
1988,FL,,22.36,wikipedia
1988,GA,,20.25,wikipedia
1988,HI,,9.52,wikipedia
1988,ID,,26.07,wikipedia
1988,IL,,2.08,wikipedia
1988,IN,,20.16,wikipedia
1988,IA,,10.22,wikipedia
1988,KS,,13.23,wikipedia
1988,KY,,11.64,wikipedia
1988,LA,,9.18,wikipedia
1988,ME,,11.45,wikipedia
1988,ME,1,12.72,wikipedia
1988,ME,2,10.13,wikipedia
1988,MD,,2.91,wikipedia
1988,MA,,7.85,wikipedia
1988,MI,,7.9,wikipedia
1988,MN,,7.02,wikipedia
1988,MS,,20.82,wikipedia
1988,MO,,3.98,wikipedia
1988,MT,,5.87,wikipedia
1988,NE,,20.96,wikipedia
1988,NV,,20.94,wikipedia
1988,NH,,26.16,wikipedia
1988,NJ,,13.64,wikipedia
1988,NM,,4.96,wikipedia
1988,NY,,4.1,wikipedia
1988,NC,,16.26,wikipedia
1988,ND,,13.06,wikipedia
1988,OH,,10.85,wikipedia
1988,OK,,16.65,wikipedia
1988,OR,,4.67,wikipedia
1988,PA,,2.32,wikipedia
1988,RI,,11.71,wikipedia
1988,SC,,23.92,wikipedia
1988,SD,,6.34,wikipedia
1988,TN,,16.34,wikipedia
1988,TX,,12.6,wikipedia
1988,UT,,34.17,wikipedia
1988,VT,,3.52,wikipedia
1988,VA,,20.5,wikipedia
1988,WA,,1.59,wikipedia
1988,WV,,4.74,wikipedia
1988,WI,,3.62,wikipedia
1988,WY,,22.52,wikipedia
1992,AL,,6.77,wikipedia
1992,AK,,9.17,wikipedia
1992,AZ,,1.95,wikipedia
1992,AR,,17.72,wikipedia
1992,CA,,13.39,wikipedia
1992,CO,,4.26,wikipedia
1992,CT,,6.43,wikipedia
1992,DE,,8.19,wikipedia
1992,DC,,75.55,wikipedia
1992,FL,,1.89,wikipedia
1992,GA,,0.59,wikipedia
1992,HI,,11.4,wikipedia
1992,ID,,13.61,wikipedia
1992,IL,,14.24,wikipedia
1992,IN,,6.11,wikipedia
1992,IA,,6.01,wikipedia
1992,KS,,5.14,wikipedia
1992,KY,,3.21,wikipedia
1992,LA,,4.61,wikipedia
1992,ME,,8.33,wikipedia
1992,ME,1,8.11,wikipedia
1992,ME,2,4.55,wikipedia
1992,MD,,14.18,wikipedia
1992,MA,,18.52,wikipedia
1992,MI,,7.4,wikipedia
1992,MN,,11.63,wikipedia
1992,MS,,8.92,wikipedia
1992,MO,,10.15,wikipedia
1992,MT,,2.51,wikipedia
1992,NE,,17.18,wikipedia
1992,NE,1,10.65,wikipedia
1992,NE,2,15.07,wikipedia
1992,NE,3,22.87,wikipedia
1992,NV,,2.63,wikipedia
1992,NH,,1.22,wikipedia
1992,NJ,,2.37,wikipedia
1992,NM,,8.56,wikipedia
1992,NY,,15.85,wikipedia
1992,NC,,0.79,wikipedia
1992,ND,,12.03,wikipedia
1992,OH,,1.83,wikipedia
1992,OK,,8.62,wikipedia
1992,OR,,9.95,wikipedia
1992,PA,,9.02,wikipedia
1992,RI,,18.02,wikipedia
1992,SC,,8.15,wikipedia
1992,SD,,3.52,wikipedia
1992,TN,,4.65,wikipedia
1992,TX,,3.48,wikipedia
1992,UT,,16.03,wikipedia
1992,VT,,15.7,wikipedia
1992,VA,,4.37,wikipedia
1992,WA,,11.44,wikipedia
1992,WV,,13.02,wikipedia
1992,WI,,4.35,wikipedia
1992,WY,,5.58,wikipedia
1996,AL,,6.97,wikipedia
1996,AK,,17.53,wikipedia
1996,AZ,,2.22,wikipedia
1996,AR,,16.94,wikipedia
1996,CA,,12.89,wikipedia
1996,CO,,1.37,wikipedia
1996,CT,,18.14,wikipedia
1996,DE,,15.25,wikipedia
1996,DC,,75.85,wikipedia
1996,FL,,5.7,wikipedia
1996,GA,,1.17,wikipedia
1996,HI,,25.29,wikipedia
1996,ID,,18.54,wikipedia
1996,IL,,17.51,wikipedia
1996,IN,,5.58,wikipedia
1996,IA,,10.34,wikipedia
1996,KS,,18.21,wikipedia
1996,KY,,0.96,wikipedia
1996,LA,,12.07,wikipedia
1996,ME,,20.86,wikipedia
1996,ME,1,20.25,wikipedia
1996,ME,2,21.54,wikipedia
1996,MD,,15.99,wikipedia
1996,MA,,33.39,wikipedia
1996,MI,,13.21,wikipedia
1996,MN,,16.14,wikipedia
1996,MS,,5.13,wikipedia
1996,MO,,6.3,wikipedia
1996,MT,,2.88,wikipedia
1996,NE,,18.7,wikipedia
1996,NE,1,11.66,wikipedia
1996,NE,2,14.47,wikipedia
1996,NE,3,30.14,wikipedia
1996,NV,,1.02,wikipedia
1996,NH,,9.95,wikipedia
1996,NJ,,17.86,wikipedia
1996,NM,,7.33,wikipedia
1996,NY,,28.86,wikipedia
1996,NC,,4.69,wikipedia
1996,ND,,6.81,wikipedia
1996,OH,,6.36,wikipedia
1996,OK,,7.81,wikipedia
1996,OR,,8.09,wikipedia
1996,PA,,9.2,wikipedia
1996,RI,,32.89,wikipedia
1996,SC,,5.83,wikipedia
1996,SD,,3.46,wikipedia
1996,TN,,2.41,wikipedia
1996,TX,,4.93,wikipedia
1996,UT,,21.07,wikipedia
1996,VT,,22.26,wikipedia
1996,VA,,1.96,wikipedia
1996,WA,,12.54,wikipedia
1996,WV,,14.75,wikipedia
1996,WI,,10.33,wikipedia
1996,WY,,12.98,wikipedia
2000,AL,,14.92,wikipedia
2000,AK,,30.95,wikipedia
2000,AZ,,6.29,wikipedia
2000,AR,,5.44,wikipedia
2000,CA,,11.8,wikipedia
2000,CO,,8.36,wikipedia
2000,CT,,17.47,wikipedia
2000,DE,,13.06,wikipedia
2000,DC,,76.2,wikipedia
2000,FL,,0.01,wikipedia
2000,GA,,11.69,wikipedia
2000,HI,,18.33,wikipedia
2000,ID,,39.53,wikipedia
2000,IL,,12.01,wikipedia
2000,IN,,15.63,wikipedia
2000,IA,,0.31,wikipedia
2000,KS,,20.8,wikipedia
2000,KY,,15.13,wikipedia
2000,LA,,7.68,wikipedia
2000,ME,,5.11,wikipedia
2000,ME,1,7.93,wikipedia
2000,ME,2,1.87,wikipedia
2000,MD,,16.39,wikipedia
2000,MA,,27.3,wikipedia
2000,MI,,5.13,wikipedia
2000,MN,,2.4,wikipedia
2000,MS,,16.92,wikipedia
2000,MO,,3.34,wikipedia
2000,MT,,25.07,wikipedia
2000,NE,,28.99,wikipedia
2000,NE,1,22.98,wikipedia
2000,NE,2,18.4,wikipedia
2000,NE,3,46.41,wikipedia
2000,NV,,3.55,wikipedia
2000,NH,,1.27,wikipedia
2000,NJ,,15.83,wikipedia
2000,NM,,0.06,wikipedia
2000,NY,,24.98,wikipedia
2000,NC,,12.83,wikipedia
2000,ND,,27.6,wikipedia
2000,OH,,3.51,wikipedia
2000,OK,,21.88,wikipedia
2000,OR,,0.44,wikipedia
2000,PA,,4.17,wikipedia
2000,RI,,29.08,wikipedia
2000,SC,,15.94,wikipedia
2000,SD,,22.73,wikipedia
2000,TN,,3.86,wikipedia
2000,TX,,21.32,wikipedia
2000,UT,,40.49,wikipedia
2000,VT,,9.94,wikipedia
2000,VA,,8.04,wikipedia
2000,WA,,5.58,wikipedia
2000,WV,,6.32,wikipedia
2000,WI,,0.22,wikipedia
2000,WY,,40.06,wikipedia
2004,AL,,25.62,wikipedia
2004,AK,,25.55,wikipedia
2004,AZ,,10.47,wikipedia
2004,AR,,9.76,wikipedia
2004,CA,,9.95,wikipedia
2004,CO,,4.67,wikipedia
2004,CT,,10.37,wikipedia
2004,DE,,7.59,wikipedia
2004,DC,,79.84,wikipedia
2004,FL,,5.01,wikipedia
2004,GA,,16.6,wikipedia
2004,HI,,8.74,wikipedia
2004,ID,,38.12,wikipedia
2004,IL,,10.34,wikipedia
2004,IN,,20.68,wikipedia
2004,IA,,0.67,wikipedia
2004,KS,,25.38,wikipedia
2004,KY,,19.86,wikipedia
2004,LA,,14.51,wikipedia
2004,ME,,9.0,wikipedia
2004,ME,1,11.94,wikipedia
2004,ME,2,5.83,wikipedia
2004,MD,,12.98,wikipedia
2004,MA,,25.16,wikipedia
2004,MI,,3.42,wikipedia
2004,MN,,3.48,wikipedia
2004,MS,,19.69,wikipedia
2004,MO,,7.2,wikipedia
2004,MT,,20.5,wikipedia
2004,NE,,33.22,wikipedia
2004,NE,1,27.27,wikipedia
2004,NE,2,21.72,wikipedia
2004,NE,3,51.18,wikipedia
2004,NV,,2.59,wikipedia
2004,NH,,1.37,wikipedia
2004,NJ,,6.68,wikipedia
2004,NM,,0.79,wikipedia
2004,NY,,18.29,wikipedia
2004,NC,,12.43,wikipedia
2004,ND,,27.36,wikipedia
2004,OH,,2.11,wikipedia
2004,OK,,31.14,wikipedia
2004,OR,,4.16,wikipedia
2004,PA,,2.5,wikipedia
2004,RI,,20.75,wikipedia
2004,SC,,17.08,wikipedia
2004,SD,,21.47,wikipedia
2004,TN,,14.27,wikipedia
2004,TX,,22.86,wikipedia
2004,UT,,45.54,wikipedia
2004,VT,,20.14,wikipedia
2004,VA,,8.2,wikipedia
2004,WA,,7.18,wikipedia
2004,WV,,12.86,wikipedia
2004,WI,,0.38,wikipedia
2004,WY,,39.79,wikipedia
2008,AL,,21.58,wikipedia
2008,AK,,21.54,wikipedia
2008,AZ,,8.52,wikipedia
2008,AR,,19.85,wikipedia
2008,CA,,24.06,wikipedia
2008,CO,,8.95,wikipedia
2008,CT,,22.37,wikipedia
2008,DE,,25.0,wikipedia
2008,DC,,85.92,wikipedia
2008,FL,,2.82,wikipedia
2008,GA,,5.21,wikipedia
2008,HI,,45.26,wikipedia
2008,ID,,25.43,wikipedia
2008,IL,,25.14,wikipedia
2008,IN,,1.03,wikipedia
2008,IA,,9.53,wikipedia
2008,KS,,14.96,wikipedia
2008,KY,,16.23,wikipedia
2008,LA,,18.63,wikipedia
2008,ME,,17.32,wikipedia
2008,ME,1,22.82,wikipedia
2008,ME,2,11.25,wikipedia
2008,MD,,25.44,wikipedia
2008,MA,,25.81,wikipedia
2008,MI,,16.47,wikipedia
2008,MN,,10.24,wikipedia
2008,MS,,13.17,wikipedia
2008,MO,,0.13,wikipedia
2008,MT,,2.26,wikipedia
2008,NE,,14.93,wikipedia
2008,NE,1,9.77,wikipedia
2008,NE,2,1.21,wikipedia
2008,NE,3,39.01,wikipedia
2008,NV,,12.49,wikipedia
2008,NH,,9.61,wikipedia
2008,NJ,,15.57,wikipedia
2008,NM,,15.13,wikipedia
2008,NY,,26.86,wikipedia
2008,NC,,0.33,wikipedia
2008,ND,,8.63,wikipedia
2008,OH,,4.59,wikipedia
2008,OK,,31.29,wikipedia
2008,OR,,16.35,wikipedia
2008,PA,,10.32,wikipedia
2008,RI,,27.81,wikipedia
2008,SC,,8.98,wikipedia
2008,SD,,8.41,wikipedia
2008,TN,,15.07,wikipedia
2008,TX,,11.77,wikipedia
2008,UT,,28.18,wikipedia
2008,VT,,37.01,wikipedia
2008,VA,,6.3,wikipedia
2008,WA,,17.18,wikipedia
2008,WV,,13.12,wikipedia
2008,WI,,13.9,wikipedia
2008,WY,,32.24,wikipedia
2012,AL,,22.19,wikipedia
2012,AK,,13.99,wikipedia
2012,AZ,,9.06,wikipedia
2012,AR,,23.69,wikipedia
2012,CA,,23.12,wikipedia
2012,CO,,5.37,wikipedia
2012,CT,,17.33,wikipedia
2012,DE,,18.63,wikipedia
2012,DC,,83.63,wikipedia
2012,FL,,0.88,wikipedia
2012,GA,,7.82,wikipedia
2012,HI,,42.71,wikipedia
2012,ID,,31.69,wikipedia
2012,IL,,16.87,wikipedia
2012,IN,,10.2,wikipedia
2012,IA,,5.81,wikipedia
2012,KS,,21.72,wikipedia
2012,KY,,22.69,wikipedia
2012,LA,,17.21,wikipedia
2012,ME,,15.29,wikipedia
2012,ME,1,21.39,wikipedia
2012,ME,2,8.56,wikipedia
2012,MD,,26.08,wikipedia
2012,MA,,23.14,wikipedia
2012,MI,,9.5,wikipedia
2012,MN,,7.69,wikipedia
2012,MS,,11.5,wikipedia
2012,MO,,9.38,wikipedia
2012,MT,,13.65,wikipedia
2012,NE,,21.78,wikipedia
2012,NE,1,16.6,wikipedia
2012,NE,2,7.16,wikipedia
2012,NE,3,42.42,wikipedia
2012,NV,,6.68,wikipedia
2012,NH,,5.58,wikipedia
2012,NJ,,17.79,wikipedia
2012,NM,,10.15,wikipedia
2012,NY,,28.18,wikipedia
2012,NC,,2.04,wikipedia
2012,ND,,19.63,wikipedia
2012,OH,,2.98,wikipedia
2012,OK,,33.54,wikipedia
2012,OR,,12.09,wikipedia
2012,PA,,5.39,wikipedia
2012,RI,,27.46,wikipedia
2012,SC,,10.47,wikipedia
2012,SD,,18.02,wikipedia
2012,TN,,20.4,wikipedia
2012,TX,,15.78,wikipedia
2012,UT,,48.04,wikipedia
2012,VT,,35.6,wikipedia
2012,VA,,3.87,wikipedia
2012,WA,,14.87,wikipedia
2012,WV,,26.76,wikipedia
2012,WI,,6.94,wikipedia
2012,WY,,40.82,wikipedia
2016,AL,,27.73,wikipedia
2016,AK,,14.73,wikipedia
2016,AZ,,3.55,wikipedia
2016,AR,,26.92,wikipedia
2016,CA,,30.11,wikipedia
2016,CO,,4.91,wikipedia
2016,CT,,13.64,wikipedia
2016,DE,,11.37,wikipedia
2016,DC,,86.78,wikipedia
2016,FL,,1.2,wikipedia
2016,GA,,5.13,wikipedia
2016,HI,,32.18,wikipedia
2016,ID,,31.77,wikipedia
2016,IL,,17.06,wikipedia
2016,IN,,19.17,wikipedia
2016,IA,,9.41,wikipedia
2016,KS,,20.6,wikipedia
2016,KY,,29.84,wikipedia
2016,LA,,19.64,wikipedia
2016,ME,,2.96,wikipedia
2016,ME,1,14.81,wikipedia
2016,ME,2,10.29,wikipedia
2016,MD,,26.42,wikipedia
2016,MA,,27.2,wikipedia
2016,MI,,0.22,wikipedia
2016,MN,,1.52,wikipedia
2016,MS,,17.83,wikipedia
2016,MO,,18.64,wikipedia
2016,MT,,20.42,wikipedia
2016,NE,,25.05,wikipedia
2016,NE,1,20.72,wikipedia
2016,NE,2,2.24,wikipedia
2016,NE,3,54.21,wikipedia
2016,NV,,2.42,wikipedia
2016,NH,,0.37,wikipedia
2016,NJ,,14.1,wikipedia
2016,NM,,8.21,wikipedia
2016,NY,,22.49,wikipedia
2016,NC,,3.66,wikipedia
2016,ND,,35.73,wikipedia
2016,OH,,8.13,wikipedia
2016,OK,,36.39,wikipedia
2016,OR,,10.98,wikipedia
2016,PA,,0.72,wikipedia
2016,RI,,15.51,wikipedia
2016,SC,,14.27,wikipedia
2016,SD,,29.79,wikipedia
2016,TN,,26.01,wikipedia
2016,TX,,9.0,wikipedia
2016,UT,,18.08,wikipedia
2016,VT,,26.41,wikipedia
2016,VA,,5.32,wikipedia
2016,WA,,15.71,wikipedia
2016,WV,,42.07,wikipedia
2016,WI,,0.76,wikipedia
2016,WY,,46.3,wikipedia
2020,AL,,25.46,wikipedia
2020,AK,,10.06,wikipedia
2020,AZ,,0.31,wikipedia
2020,AR,,27.62,wikipedia
2020,CA,,29.16,wikipedia
2020,CO,,13.5,wikipedia
2020,CT,,20.07,wikipedia
2020,DE,,18.97,wikipedia
2020,DC,,86.75,wikipedia
2020,FL,,3.36,wikipedia
2020,GA,,0.24,wikipedia
2020,HI,,29.46,wikipedia
2020,ID,,30.77,wikipedia
2020,IL,,16.99,wikipedia
2020,IN,,16.07,wikipedia
2020,IA,,8.2,wikipedia
2020,KS,,14.64,wikipedia
2020,KY,,25.94,wikipedia
2020,LA,,18.61,wikipedia
2020,ME,,9.07,wikipedia
2020,ME,1,23.09,wikipedia
2020,ME,2,7.44,wikipedia
2020,MD,,33.21,wikipedia
2020,MA,,33.46,wikipedia
2020,MI,,2.78,wikipedia
2020,MN,,7.11,wikipedia
2020,MS,,16.55,wikipedia
2020,MO,,15.39,wikipedia
2020,MT,,16.37,wikipedia
2020,NE,,19.06,wikipedia
2020,NE,1,14.92,wikipedia
2020,NE,2,6.5,wikipedia
2020,NE,3,53.02,wikipedia
2020,NV,,2.39,wikipedia
2020,NH,,7.35,wikipedia
2020,NJ,,15.94,wikipedia
2020,NM,,10.79,wikipedia
2020,NY,,23.13,wikipedia
2020,NC,,1.35,wikipedia
2020,ND,,33.34,wikipedia
2020,OH,,8.03,wikipedia
2020,OK,,33.09,wikipedia
2020,OR,,16.09,wikipedia
2020,PA,,1.16,wikipedia
2020,RI,,20.77,wikipedia
2020,SC,,11.68,wikipedia
2020,SD,,26.16,wikipedia
2020,TN,,23.21,wikipedia
2020,TX,,5.58,wikipedia
2020,UT,,20.48,wikipedia
2020,VT,,35.41,wikipedia
2020,VA,,10.11,wikipedia
2020,WA,,19.2,wikipedia
2020,WV,,38.93,wikipedia
2020,WI,,0.63,wikipedia
2020,WY,,43.38,wikipedia
2024,AL,,30.47,wikipedia
2024,AK,,13.14,wikipedia
2024,AZ,,5.53,wikipedia
2024,AR,,30.64,wikipedia
2024,CA,,20.13,wikipedia
2024,CO,,10.98,wikipedia
2024,CT,,14.5,wikipedia
2024,DE,,14.7,wikipedia
2024,DC,,83.81,wikipedia
2024,FL,,13.1,wikipedia
2024,GA,,2.19,wikipedia
2024,HI,,23.1,wikipedia
2024,ID,,36.49,wikipedia
2024,IL,,10.9,wikipedia
2024,IN,,18.96,wikipedia
2024,IA,,13.21,wikipedia
2024,KS,,16.12,wikipedia
2024,KY,,30.53,wikipedia
2024,LA,,22.01,wikipedia
2024,ME,,6.94,wikipedia
2024,ME,1,21.59,wikipedia
2024,ME,2,9.05,wikipedia
2024,MD,,28.54,wikipedia
2024,MA,,25.2,wikipedia
2024,MI,,1.41,wikipedia
2024,MN,,4.24,wikipedia
2024,MS,,22.89,wikipedia
2024,MO,,18.41,wikipedia
2024,MT,,19.93,wikipedia
2024,NE,,20.46,wikipedia
2024,NE,1,12.96,wikipedia
2024,NE,2,4.59,wikipedia
2024,NE,3,53.6,wikipedia
2024,NV,,3.1,wikipedia
2024,NH,,2.78,wikipedia
2024,NJ,,5.91,wikipedia
2024,NM,,6.0,wikipedia
2024,NY,,12.59,wikipedia
2024,NC,,3.21,wikipedia
2024,ND,,36.45,wikipedia
2024,OH,,11.21,wikipedia
2024,OK,,34.26,wikipedia
2024,OR,,14.31,wikipedia
2024,PA,,1.7,wikipedia
2024,RI,,13.78,wikipedia
2024,SC,,17.87,wikipedia
2024,SD,,29.19,wikipedia
2024,TN,,29.72,wikipedia
2024,TX,,13.68,wikipedia
2024,UT,,21.58,wikipedia
2024,VT,,31.51,wikipedia
2024,VA,,5.78,wikipedia
2024,WA,,18.22,wikipedia
2024,WV,,41.86,wikipedia
2024,WI,,0.86,wikipedia
2024,WY,,45.76,wikipedia
